"Source:","D:\googleDrive\RecolectorDeDatos\kicad\RD01\RD01_circuito_impreso\RD01_2_sch.kicad_sch"
"Date:","jueves, 24 de noviembre de 2022 16:12:32"
"Tool:","Eeschema (6.0.7)"
"Generator:","C:\Program Files\KiCad\6.0\bin\scripting\plugins/bom_csv_grouped_by_value.py"
"Component Count:","13"

"Individual Components:"

"Item","Qty","Reference(s)","Value","LibPart","Footprint","Datasheet"
"","","P1","+Vcc",":pad_2x2_2","TestPoint:TestPoint_Pad_2.0x2.0mm",""
"","","P2","esp 26",":pad_2x2_5","TestPoint:TestPoint_Pad_2.0x2.0mm",""
"","","P3","+Bat",":pad_2x2_1","TestPoint:TestPoint_Pad_2.0x2.0mm",""
"","","P4","esp 35",":pad_2x2_3","TestPoint:TestPoint_Pad_2.0x2.0mm",""
"","","P5","GND",":pad_2x2_4","TestPoint:TestPoint_Pad_2.0x2.0mm",""
"","","Q1","DMG2305UX-7","Transistor_FET:DMG2301L","Package_TO_SOT_SMD:SOT-23","https://www.diodes.com/assets/Datasheets/DMG2301L.pdf"
"","","Q2","PN2222A","Transistor_BJT:PN2222A","Package_TO_SOT_SMD:SOT-23","https://www.onsemi.com/pub/Collateral/PN2222-D.PDF"
"","","R1","10K","Device:R","Resistor_SMD:R_1206_3216Metric_Pad1.30x1.75mm_HandSolder","~"
"","","R2","10K","Device:R","Resistor_SMD:R_1206_3216Metric_Pad1.30x1.75mm_HandSolder","~"
"","","R3","470","Device:R","Resistor_SMD:R_1206_3216Metric_Pad1.30x1.75mm_HandSolder","~"
"","","R4","51K","Device:R","Resistor_SMD:R_1206_3216Metric_Pad1.30x1.75mm_HandSolder","~"
"","","R5","68K","Device:R","Resistor_SMD:R_1206_3216Metric_Pad1.30x1.75mm_HandSolder","~"
"","","SW1","encendido","Switch:SW_Push","Button_Switch_THT:SW_PUSH-12mm","~"



"Collated Components:"

"Item","Qty","Reference(s)","Value","LibPart","Footprint","Datasheet"
"1","1","P1","+Vcc",":pad_2x2_2","TestPoint:TestPoint_Pad_2.0x2.0mm",""
"2","1","P2","esp 26",":pad_2x2_5","TestPoint:TestPoint_Pad_2.0x2.0mm",""
"3","1","P3","+Bat",":pad_2x2_1","TestPoint:TestPoint_Pad_2.0x2.0mm",""
"4","1","P4","esp 35",":pad_2x2_3","TestPoint:TestPoint_Pad_2.0x2.0mm",""
"5","1","P5","GND",":pad_2x2_4","TestPoint:TestPoint_Pad_2.0x2.0mm",""
"6","1","Q1","DMG2305UX-7","Transistor_FET:DMG2301L","Package_TO_SOT_SMD:SOT-23","https://www.diodes.com/assets/Datasheets/DMG2301L.pdf"
"7","1","Q2","PN2222A","Transistor_BJT:PN2222A","Package_TO_SOT_SMD:SOT-23","https://www.onsemi.com/pub/Collateral/PN2222-D.PDF"
"8","2","R1, R2","10K","Device:R","Resistor_SMD:R_1206_3216Metric_Pad1.30x1.75mm_HandSolder","~"
"9","1","R3","470","Device:R","Resistor_SMD:R_1206_3216Metric_Pad1.30x1.75mm_HandSolder","~"
"10","1","R4","51K","Device:R","Resistor_SMD:R_1206_3216Metric_Pad1.30x1.75mm_HandSolder","~"
"11","1","R5","68K","Device:R","Resistor_SMD:R_1206_3216Metric_Pad1.30x1.75mm_HandSolder","~"
"12","1","SW1","encendido","Switch:SW_Push","Button_Switch_THT:SW_PUSH-12mm","~"
